{
  "top_k": 50,
  "component_indices": [
    1,
    0,
    5,
    7,
    3,
    17,
    30,
    8,
    50,
    24,
    70,
    69,
    71,
    6,
    56,
    4,
    19,
    57,
    15,
    43,
    2,
    52,
    76,
    42,
    48,
    12,
    25,
    75,
    44,
    54,
    63,
    78,
    53,
    61,
    34,
    14,
    10,
    26,
    23,
    39,
    62,
    11,
    85,
    94,
    31,
    91,
    9,
    65,
    47,
    92
  ],
  "component_scores": [
    0.5762938986985214,
    0.5861705011090671,
    0.5311164737127212,
    0.5629001535562861,
    0.532848829333166,
    0.5730056601343232,
    0.5333788069905456,
    0.5631273560586731,
    0.5362608109632783,
    0.5244715859819091,
    0.5277501020451825,
    0.5261652715311883,
    0.5297694533084554,
    0.5135760941522451,
    0.528036495045474,
    0.5313914912633866,
    0.5117686601954328,
    0.5460362932372304,
    0.5234614846656915,
    0.5325222573431896,
    0.5180412169900004,
    0.5153196422698242,
    0.5217579044129294,
    0.527312226240834,
    0.5357296054749324,
    0.529487229474258,
    0.5273495518887564,
    0.523842708345278,
    0.5135080050029878,
    0.5178779180990998,
    0.5363895165426138,
    0.5245083522933291,
    0.5089197936081822,
    0.5207125669253929,
    0.5281216827591224,
    0.5120762169827628,
    0.5153807715953895,
    0.5203248942483444,
    0.5203664773097695,
    0.5272155149505986,
    0.5240132482302455,
    0.5195052684390414,
    0.5302344170332733,
    0.5312243702440694,
    0.5288399622454937,
    0.5229827639042338,
    0.5219269441623233,
    0.5241782452763288,
    0.5297809824754663,
    0.515028109940518,
    0.5362544543729607,
    0.5183336400296555,
    0.5307664950391264,
    0.5284702285959814,
    0.5287809257406599,
    0.5232644642145382,
    0.5333183103917564,
    0.5319691196864563,
    0.5193062795660803,
    0.5198861754844093,
    0.5171522678220447,
    0.5281920647690508,
    0.5271321120724162,
    0.5285806298583333,
    0.516649506969254,
    0.5243908879013587,
    0.5197217355924113,
    0.520553885139246,
    0.5139295615262475,
    0.5347411275527831,
    0.5354814385641569,
    0.5346752566238444,
    0.5210888892473292,
    0.5202334581265362,
    0.5219897230290119,
    0.529396612637609,
    0.5306911084242079,
    0.518108555496357,
    0.5285505047516075,
    0.5200190121191868,
    0.5218985083985842,
    0.5183805493936224,
    0.5221815540907159,
    0.5106463677254738,
    0.5226341656795801,
    0.5251449307197842,
    0.5168975369702428,
    0.5168521699862388,
    0.5229812418973843,
    0.5238753305630081,
    0.5177013286649846,
    0.5244768215285648,
    0.5241692981595658,
    0.5228928363703822,
    0.5249542484761047,
    0.510917009640354,
    0.5224230984790164,
    0.5209436526174183,
    0.5204883926868675,
    0.5212527597873425
  ],
  "ranking_method": "silhouette_cluster_separation",
  "clustering_method": "kmeans",
  "n_clusters": 4,
  "component_method": "KPCA_RBF"
}