{
  "top_k": 50,
  "component_indices": [
    1,
    0,
    5,
    7,
    3,
    17,
    30,
    8,
    50,
    24,
    70,
    69,
    71,
    6,
    56,
    4,
    19,
    57,
    15,
    43,
    2,
    52,
    76,
    42,
    48,
    12,
    25,
    75,
    44,
    54,
    63,
    78,
    53,
    61,
    34,
    14,
    10,
    26,
    23,
    39,
    62,
    11,
    85,
    94,
    31,
    91,
    9,
    65,
    47,
    92
  ],
  "component_scores": [
    0.5762938986985213,
    0.5861705011091054,
    0.5311164737127212,
    0.5629001535562862,
    0.532848829333166,
    0.5730056601343231,
    0.5333788069905453,
    0.5631273560586725,
    0.5362608109632783,
    0.5244715859819093,
    0.5277501020451829,
    0.5261652715311884,
    0.5297694533084546,
    0.5135760941522439,
    0.5280364950454739,
    0.5313914912633866,
    0.5117686601954329,
    0.5460362932372301,
    0.5234614846656913,
    0.5325222573431899,
    0.5180412169900005,
    0.5153196422698243,
    0.5217579044129295,
    0.527312226240834,
    0.5357296054749326,
    0.5294872294742582,
    0.5273495518887565,
    0.5238427083452771,
    0.513508005002988,
    0.5178779180990998,
    0.5363895165426127,
    0.5245083522933299,
    0.508919793608183,
    0.5207125669253914,
    0.5281216827591225,
    0.5120762169827664,
    0.5153807715953957,
    0.5203248942483444,
    0.5203664773097695,
    0.5272155149505994,
    0.5240132482302456,
    0.5195052684390417,
    0.5302344170332743,
    0.5312243702440689,
    0.5288399622454942,
    0.5229827639042355,
    0.5219269441623239,
    0.5241782452763283,
    0.5297809824754671,
    0.5150281099405174,
    0.5362544543729602,
    0.5183336400296571,
    0.5307664950391259,
    0.5284702285959801,
    0.5287809257406594,
    0.5232644642145384,
    0.5333183103917557,
    0.5319691196864561,
    0.5193062795660803,
    0.5198861754844097,
    0.5171522678220442,
    0.5281920647690508,
    0.5271321120724185,
    0.5285806298583335,
    0.5166495069692545,
    0.5243908879013591,
    0.519721735592411,
    0.5205538851392458,
    0.5139295615262476,
    0.5347411275527829,
    0.5354814385641574,
    0.5346752566238449,
    0.5210888892473283,
    0.5202334581265353,
    0.5219897230290101,
    0.5293966126376088,
    0.5306911084242114,
    0.5181085554963563,
    0.5285505047515925,
    0.5200190121191853,
    0.5218985083985839,
    0.5183805493936243,
    0.5221815540907099,
    0.5106463677254744,
    0.5226341656795791,
    0.5251449307197842,
    0.5168975369702449,
    0.5168521699862412,
    0.5229812418973859,
    0.5238753305630072,
    0.5177013286649859,
    0.5244768215285636,
    0.5241692981595658,
    0.5228928363703845,
    0.5249542484761041,
    0.5109170096403491,
    0.522423098479013,
    0.520943652617418,
    0.5204883926868672,
    0.5212527597873403
  ],
  "ranking_method": "silhouette_cluster_separation",
  "clustering_method": "kmeans",
  "n_clusters": 4,
  "component_method": "KPCA_RBF"
}