{
  "top_k": 50,
  "component_indices": [
    1,
    3,
    0,
    6,
    5,
    9,
    14,
    2,
    13,
    10,
    15,
    29,
    4,
    52,
    22,
    18,
    25,
    8,
    7,
    19,
    31,
    56,
    42,
    74,
    84,
    49,
    96,
    72,
    36,
    89,
    39,
    17,
    76,
    30,
    21,
    16,
    24,
    99,
    26,
    46,
    78,
    12,
    91,
    11,
    34,
    71,
    33,
    93,
    94,
    79
  ],
  "component_scores": [
    0.5478734308672939,
    0.5549793363879191,
    0.5385712954776358,
    0.5516931821835894,
    0.5338655234251204,
    0.5434215830735266,
    0.5456651687273819,
    0.5296608116766306,
    0.53007719367704,
    0.5413973088059492,
    0.5356031990124458,
    0.5234126053934003,
    0.5238875751295139,
    0.5356677265118862,
    0.5413753895757171,
    0.5348754878972518,
    0.5245875952668942,
    0.5254686550316733,
    0.531233174924703,
    0.5292298740343419,
    0.5202549167830451,
    0.5248198983071771,
    0.5315009041620903,
    0.5201938160821779,
    0.5243825500554291,
    0.5302520808884481,
    0.5240169544033211,
    0.5162978879587516,
    0.5215477218746098,
    0.5344869663680337,
    0.5249429117623854,
    0.5288568474638684,
    0.5219246754746747,
    0.52298950630362,
    0.5230054001836414,
    0.5186211152172953,
    0.5263143630337838,
    0.5200870437249885,
    0.519694073282716,
    0.5258264050813475,
    0.5113712525858971,
    0.5172360330177602,
    0.5278663728517655,
    0.519035369059472,
    0.5205035261122334,
    0.520852195932269,
    0.5239803586428823,
    0.516540313450214,
    0.517008451435492,
    0.526404191674921,
    0.51993114130303,
    0.5175827176085679,
    0.5319579757720627,
    0.5206426322976364,
    0.5192220709026886,
    0.5155671705882054,
    0.528215478894138,
    0.5171088897272051,
    0.518847246115588,
    0.5183051628774139,
    0.5192118123502143,
    0.519325921337065,
    0.5187878563463566,
    0.5222202981321222,
    0.5177911091431034,
    0.518802008603265,
    0.5183305520117043,
    0.5201441467563146,
    0.5207130708005017,
    0.5166966128759203,
    0.5155756089919395,
    0.5230048239941076,
    0.5263228019099185,
    0.5192698827513201,
    0.5274055947515035,
    0.5207482782818301,
    0.5249689103286697,
    0.5187799821938858,
    0.5239782641839312,
    0.5222919835523205,
    0.5209774518817385,
    0.5220947758704791,
    0.5114914131609051,
    0.5199510388037375,
    0.5273876230277382,
    0.5198430235534683,
    0.510525864345191,
    0.5191281149404244,
    0.5189532758367943,
    0.5259628496959744,
    0.5188663618325846,
    0.5236744726450916,
    0.5213642360184217,
    0.522962789913808,
    0.5228262761166166,
    0.5103212851760701,
    0.5263544309258437,
    0.522003974408338,
    0.5171451650913295,
    0.5242661817742142
  ],
  "ranking_method": "silhouette_cluster_separation",
  "clustering_method": "kmeans",
  "n_clusters": 4,
  "component_method": "KPCA_RBF"
}