{
  "top_k": 50,
  "component_indices": [
    1,
    3,
    0,
    6,
    5,
    9,
    14,
    2,
    13,
    10,
    15,
    29,
    4,
    52,
    22,
    18,
    25,
    8,
    7,
    19,
    31,
    56,
    42,
    74,
    84,
    49,
    96,
    72,
    36,
    89,
    39,
    17,
    76,
    30,
    21,
    16,
    24,
    99,
    26,
    46,
    78,
    12,
    91,
    11,
    34,
    71,
    33,
    93,
    94,
    79
  ],
  "component_scores": [
    0.5478734308672939,
    0.554979336387919,
    0.5385712954776357,
    0.5516931821835893,
    0.5338655234251204,
    0.5434215830735267,
    0.5456651687273821,
    0.5296608116766304,
    0.5300771936770398,
    0.5413973088059492,
    0.5356031990124455,
    0.5234126053934,
    0.5238875751295141,
    0.5356677265118865,
    0.5413753895757171,
    0.5348754878972518,
    0.5245875952668945,
    0.5254686550316733,
    0.5312331749247027,
    0.5292298740343419,
    0.520254916783045,
    0.5248198983071772,
    0.5315009041620903,
    0.5201938160821776,
    0.5243825500554291,
    0.5302520808884482,
    0.5240169544033213,
    0.5162978879587516,
    0.5215477218746098,
    0.5344869663680327,
    0.5249429117623791,
    0.5288568474638684,
    0.5219246754746754,
    0.5229895063036202,
    0.5230054001836411,
    0.5186211152172956,
    0.5263143630337839,
    0.5200870437249909,
    0.5196940732827161,
    0.5258264050813475,
    0.5113712525858971,
    0.51723603301776,
    0.527866372851765,
    0.5190353690594721,
    0.5205035261122336,
    0.5208521959322686,
    0.5239803586428823,
    0.5165403134502146,
    0.5170084514354926,
    0.5264041916749221,
    0.51993114130303,
    0.517582717608568,
    0.5319579757720629,
    0.5206426322976372,
    0.5192220709026879,
    0.5155671705882054,
    0.5282154788941386,
    0.5171088897272039,
    0.5188472461155873,
    0.5183051628774127,
    0.5192118123502143,
    0.5193259213370645,
    0.5187878563463557,
    0.522220298132122,
    0.5177911091431033,
    0.5188020086032651,
    0.5183305520117033,
    0.5201441467563146,
    0.5207130708005024,
    0.5166966128759226,
    0.5155756089919392,
    0.5230048239941069,
    0.5263228019099184,
    0.5192698827513214,
    0.5274055947515035,
    0.5207482782818302,
    0.5249689103286698,
    0.5187799821938859,
    0.5239782641839312,
    0.5222919835523205,
    0.5209774518817383,
    0.522094775870479,
    0.5114914131609051,
    0.5199510388037375,
    0.5273876230277386,
    0.5198430235534685,
    0.5105258643451911,
    0.5191281149404247,
    0.518953275836794,
    0.5259628496959742,
    0.5188663618325823,
    0.5236744726450907,
    0.5213642360184216,
    0.5229627899138078,
    0.5228262761166167,
    0.51032128517607,
    0.5263544309258448,
    0.5220039744083378,
    0.5171451650913302,
    0.5242661817742122
  ],
  "ranking_method": "silhouette_cluster_separation",
  "clustering_method": "kmeans",
  "n_clusters": 4,
  "component_method": "KPCA_RBF"
}