{
  "top_k": 50,
  "component_indices": [
    3,
    0,
    1,
    6,
    2,
    44,
    93,
    21,
    47,
    4,
    97,
    83,
    49,
    70,
    62,
    85,
    30,
    52,
    61,
    90,
    37,
    73,
    45,
    8,
    15,
    19,
    43,
    14,
    20,
    31,
    81,
    57,
    54,
    23,
    48,
    32,
    7,
    17,
    56,
    91,
    5,
    66,
    24,
    88,
    98,
    11,
    9,
    35,
    25,
    87
  ],
  "component_scores": [
    0.5749237530844528,
    0.5545695761266104,
    0.5432418911737673,
    0.5776759025644571,
    0.5361711531887692,
    0.5256326662693469,
    0.5448890523879594,
    0.5262617576404645,
    0.5294490895657964,
    0.5238591853195891,
    0.5193414049856746,
    0.5240441901699143,
    0.5188970565862611,
    0.5121597900607394,
    0.5278859704484999,
    0.5289669967782221,
    0.5231882492541023,
    0.5262363506796828,
    0.5211993840064847,
    0.5284013426315864,
    0.5276957061159893,
    0.5364666915432704,
    0.5073638080411015,
    0.5266918923920235,
    0.525038660961344,
    0.5232530773699953,
    0.5213585578959042,
    0.5194570906758669,
    0.5182963662017166,
    0.510733075830722,
    0.5318069398371005,
    0.5272160597956354,
    0.5263673741002562,
    0.5110534692007066,
    0.5194804432182534,
    0.5235913012327925,
    0.5190946455191701,
    0.5301855852308369,
    0.5206402720354998,
    0.520355542336316,
    0.5135386386045768,
    0.5176759758564404,
    0.5156023564170501,
    0.5280927932041866,
    0.542731025989003,
    0.529688889534586,
    0.5144110859979374,
    0.5364100070103304,
    0.5264227799904171,
    0.5347077127881034,
    0.522330717808756,
    0.5158779584765064,
    0.5316668031102433,
    0.5110474015338736,
    0.5268150936351519,
    0.5228291054786148,
    0.5261025435422478,
    0.5268174338479169,
    0.5118066074957869,
    0.5227171283287989,
    0.5191000647911923,
    0.5315364056784475,
    0.5324057698649114,
    0.5155029701238297,
    0.5156213148594465,
    0.5189626902845128,
    0.5255750823133054,
    0.516746808613284,
    0.5223009762138947,
    0.5201349577806825,
    0.5328570591360173,
    0.5195604727189912,
    0.5126212606312625,
    0.5299710246777504,
    0.5143411283847219,
    0.5168876474289026,
    0.5172280190094721,
    0.5141770082611711,
    0.5177198025996518,
    0.5226299958759734,
    0.5228445905056041,
    0.5269436880616201,
    0.5148313848337475,
    0.535897147694053,
    0.5134370930060834,
    0.5322641853771946,
    0.5143543395616184,
    0.5232431886835276,
    0.5247263405644763,
    0.5222283789434429,
    0.5308640547645594,
    0.5260568265855197,
    0.5191526431357432,
    0.5375448459160573,
    0.521273698436004,
    0.5192272967015802,
    0.5221958363893683,
    0.5359079450785054,
    0.5243902083769426,
    0.5163082740173583
  ],
  "ranking_method": "silhouette_cluster_separation",
  "clustering_method": "kmeans",
  "n_clusters": 4,
  "component_method": "KPCA_COSINE"
}