{
  "top_k": 50,
  "component_indices": [
    3,
    0,
    1,
    6,
    2,
    44,
    93,
    21,
    47,
    4,
    97,
    83,
    49,
    70,
    62,
    85,
    30,
    52,
    61,
    90,
    37,
    73,
    45,
    8,
    15,
    19,
    43,
    14,
    20,
    31,
    81,
    57,
    54,
    23,
    48,
    32,
    7,
    17,
    56,
    91,
    5,
    66,
    24,
    88,
    98,
    11,
    9,
    35,
    25,
    87
  ],
  "component_scores": [
    0.5749237530844532,
    0.5545695761266104,
    0.5432418911737672,
    0.5776759025644579,
    0.5361711531887695,
    0.5256326662693469,
    0.5448890523879591,
    0.5262617576404643,
    0.5294490895657962,
    0.5238591853195891,
    0.5193414049856739,
    0.524044190169914,
    0.5188970565862608,
    0.5121597900607396,
    0.5278859704484999,
    0.5289669967782219,
    0.5231882492541023,
    0.5262363506796826,
    0.521199384006481,
    0.528401342631587,
    0.5276957061159898,
    0.5364666915432705,
    0.5073638080411015,
    0.5266918923920235,
    0.5250386609613441,
    0.5232530773699952,
    0.5213585578959039,
    0.5194570906758665,
    0.5182963662017167,
    0.5107330758307209,
    0.5318069398371005,
    0.5272160597956354,
    0.5263673741002559,
    0.511053469200706,
    0.5194804432182524,
    0.5235913012327925,
    0.5190946455191698,
    0.5301855852308365,
    0.5206402720354996,
    0.5203555423363179,
    0.5135386386045762,
    0.5176759758564402,
    0.5156023564170503,
    0.5280927932041865,
    0.5427310259890037,
    0.529688889534586,
    0.5144110859979371,
    0.5364100070103303,
    0.5264227799904164,
    0.5347077127881014,
    0.5223307178087552,
    0.5158779584765072,
    0.5316668031102438,
    0.5110474015338736,
    0.5268150936351519,
    0.522829105478615,
    0.5261025435422488,
    0.5268174338479169,
    0.5118066074957878,
    0.522717128328798,
    0.5191000647911947,
    0.5315364056784495,
    0.532405769864913,
    0.5155029701238287,
    0.5156213148594466,
    0.5189626902845108,
    0.5255750823133062,
    0.516746808613287,
    0.5223009762138959,
    0.520134957780684,
    0.5328570591360167,
    0.5195604727189915,
    0.5126212606312632,
    0.5299710246777501,
    0.5143411283847219,
    0.5168876474289054,
    0.5172280190094717,
    0.5141770082611707,
    0.5177198025996534,
    0.5226299958759735,
    0.5228445905056017,
    0.5269436880616197,
    0.5148313848337481,
    0.5358971476940533,
    0.5134370930060838,
    0.5322641853771958,
    0.5143543395616176,
    0.5232431886835278,
    0.5247263405644753,
    0.522228378943443,
    0.5308640547645593,
    0.5260568265855193,
    0.5191526431357438,
    0.5375448459160567,
    0.5212736984360054,
    0.519227296701579,
    0.5221958363893675,
    0.535907945078502,
    0.5243902083769431,
    0.5163082740173595
  ],
  "ranking_method": "silhouette_cluster_separation",
  "clustering_method": "kmeans",
  "n_clusters": 4,
  "component_method": "KPCA_COSINE"
}