{
  "top_k": 50,
  "component_indices": [
    1,
    0,
    5,
    10,
    7,
    18,
    17,
    2,
    9,
    15,
    3,
    13,
    36,
    14,
    8,
    64,
    21,
    85,
    6,
    30,
    11,
    37,
    16,
    23,
    54,
    4,
    80,
    52,
    88,
    48,
    28,
    31,
    41,
    26,
    45,
    29,
    47,
    50,
    87,
    42,
    53,
    49,
    57,
    94,
    44,
    77,
    62,
    76,
    73,
    71
  ],
  "component_scores": [
    0.5581825008998816,
    0.5638263841672748,
    0.5327349460046201,
    0.5308739157629647,
    0.5252308255664864,
    0.54495440350909,
    0.5269121177773435,
    0.537577803300524,
    0.5283787577212212,
    0.5318469509810805,
    0.5406129114504321,
    0.526373972691881,
    0.5192965260320246,
    0.5299630575924946,
    0.5286208132949675,
    0.5310542700186164,
    0.525957234101956,
    0.53414020338653,
    0.5350149764942888,
    0.5195971932852022,
    0.5198771813208908,
    0.5273797456176205,
    0.5185002810425082,
    0.5258233809142253,
    0.5190477493383794,
    0.5173078858900201,
    0.5232799629108318,
    0.5172165909079361,
    0.523597570679148,
    0.5229591796901447,
    0.5267857881260982,
    0.5235840694329847,
    0.5194340835630495,
    0.5212330552309837,
    0.5093767032018544,
    0.5138354901459221,
    0.5288088276000381,
    0.5263290150576905,
    0.5191439987371248,
    0.515811425441975,
    0.5163041695238578,
    0.5233386939551132,
    0.5223096548565872,
    0.5204351502376646,
    0.5217630990020821,
    0.5230063797728081,
    0.5167499095205318,
    0.5227440859256187,
    0.5239575727067617,
    0.5219352374916401,
    0.5227354346173749,
    0.5184621611981379,
    0.5241572433085968,
    0.5220902271484552,
    0.5255742996152597,
    0.5175009499498284,
    0.5200146015188957,
    0.5219241704441744,
    0.5178102616401261,
    0.5201899139856797,
    0.519476358610036,
    0.5189379249285486,
    0.5215689672958723,
    0.521382399374849,
    0.5282451692379995,
    0.5191636262438076,
    0.5182594831440409,
    0.5167203563223756,
    0.5182040500800622,
    0.5142861573587756,
    0.5202862093024444,
    0.521419431954215,
    0.5193548846163563,
    0.5214235324550587,
    0.5207811887349675,
    0.5201631354934357,
    0.5215623079204169,
    0.5217092624101777,
    0.5165427576448147,
    0.5183380009643053,
    0.5247785811492246,
    0.5201736348270148,
    0.5142685532091046,
    0.5154536251101784,
    0.519836164248662,
    0.5271168506809004,
    0.5201617196537314,
    0.522373553584678,
    0.5240666438761745,
    0.5195846189459139,
    0.5209977121769334,
    0.5191710394981198,
    0.5178952533838324,
    0.5209404246593254,
    0.5219234408628258,
    0.5185780673943802,
    0.5158001371137358,
    0.518560031576982,
    0.5159165332286186,
    0.5169705686043458
  ],
  "ranking_method": "silhouette_cluster_separation",
  "clustering_method": "kmeans",
  "n_clusters": 4,
  "component_method": "KPCA_COSINE"
}