{
  "top_k": 50,
  "component_indices": [
    1,
    0,
    5,
    10,
    7,
    18,
    17,
    2,
    9,
    15,
    3,
    13,
    36,
    14,
    8,
    64,
    21,
    85,
    6,
    30,
    11,
    37,
    16,
    23,
    54,
    4,
    80,
    52,
    88,
    48,
    28,
    31,
    41,
    26,
    45,
    29,
    47,
    50,
    87,
    42,
    53,
    49,
    57,
    94,
    44,
    77,
    62,
    76,
    73,
    71
  ],
  "component_scores": [
    0.5581825008998816,
    0.5638263841672748,
    0.53273494600462,
    0.5308739157629649,
    0.5252308255664864,
    0.5449544035090904,
    0.5269121177773433,
    0.5375778033005237,
    0.5283787577212211,
    0.5318469509810806,
    0.5406129114504306,
    0.5263739726918808,
    0.5192965260320243,
    0.5299630575924948,
    0.5286208132949716,
    0.5310542700186165,
    0.5259572341019552,
    0.5341402033865299,
    0.5350149764942889,
    0.519597193285202,
    0.5198771813208908,
    0.5273797456176205,
    0.5185002810425084,
    0.5258233809142261,
    0.5190477493383784,
    0.5173078858900201,
    0.5232799629108319,
    0.5172165909079364,
    0.5235975706791477,
    0.5229591796901446,
    0.526785788126098,
    0.5235840694329859,
    0.5194340835630497,
    0.5212330552309833,
    0.5093767032018546,
    0.5138354901459222,
    0.5288088276000383,
    0.5263290150576907,
    0.5191439987371255,
    0.5158114254419751,
    0.5163041695238577,
    0.5233386939551129,
    0.5223096548565871,
    0.5204351502376647,
    0.5217630990020825,
    0.523006379772808,
    0.516749909520532,
    0.5227440859256188,
    0.5239575727067618,
    0.5219352374916397,
    0.5227354346173759,
    0.51846216119814,
    0.5241572433085966,
    0.5220902271484558,
    0.5255742996152591,
    0.5175009499498282,
    0.5200146015188957,
    0.5219241704441743,
    0.5178102616401263,
    0.5201899139856793,
    0.5194763586100362,
    0.5189379249285485,
    0.5215689672958724,
    0.521382399374849,
    0.5282451692379995,
    0.5191636262438079,
    0.5182594831440399,
    0.5167203563223756,
    0.5182040500800624,
    0.5142861573587758,
    0.5202862093024441,
    0.5214194319542153,
    0.5193548846163569,
    0.5214235324550585,
    0.5207811887349675,
    0.5201631354934355,
    0.5215623079204171,
    0.5217092624101781,
    0.5165427576448145,
    0.5183380009643035,
    0.5247785811492246,
    0.5201736348270148,
    0.5142685532091051,
    0.5154536251101799,
    0.5198361642486621,
    0.5271168506809,
    0.5201617196537318,
    0.5223735535846771,
    0.5240666438761741,
    0.5195846189459141,
    0.5209977121769335,
    0.5191710394981196,
    0.5178952533838328,
    0.520940424659323,
    0.521923440862827,
    0.5185780673943797,
    0.5158001371137362,
    0.5185600315769815,
    0.515916533228619,
    0.5169705686043465
  ],
  "ranking_method": "silhouette_cluster_separation",
  "clustering_method": "kmeans",
  "n_clusters": 4,
  "component_method": "KPCA_COSINE"
}