{
  "top_k": 30,
  "component_indices": [
    1,
    6,
    95,
    15,
    84,
    0,
    25,
    12,
    7,
    21,
    20,
    27,
    11,
    41,
    73,
    16,
    2,
    56,
    97,
    51,
    65,
    4,
    24,
    93,
    55,
    37,
    44,
    32,
    80,
    69
  ],
  "mean_abs_shap_values": [
    0.17864824831485748,
    0.440606951713562,
    0.10301665216684341,
    0.03559529408812523,
    0.08450833708047867,
    0.01813472807407379,
    0.4173528850078583,
    0.15924857556819916,
    0.05667687579989433,
    0.03923221677541733,
    0.016191210597753525,
    0.12117211520671844,
    0.17017796635627747,
    0.010410245507955551,
    0.023402554914355278,
    0.19024144113063812,
    0.10451823472976685,
    0.05152854695916176,
    0.03547709435224533,
    0.03957657516002655,
    0.14558210968971252,
    0.15920880436897278,
    0.04291243106126785,
    0.01957887038588524,
    0.08110466599464417,
    0.1769307553768158,
    0.03246350586414337,
    0.12424904853105545,
    0.044723596423864365,
    0.0336587131023407,
    0.04157419875264168,
    0.013020691461861134,
    0.06339960545301437,
    0.02913971245288849,
    0.017589934170246124,
    0.010924778878688812,
    0.017915353178977966,
    0.07475629448890686,
    0.04455174133181572,
    0.047769371420145035,
    0.01793706975877285,
    0.12000658363103867,
    0.033943723887205124,
    0.035524845123291016,
    0.07194067537784576,
    0.053387291729450226,
    0.012692892923951149,
    0.006625016685575247,
    0.02210223861038685,
    0.03430669382214546,
    0.020699748769402504,
    0.0983050987124443,
    0.020810948684811592,
    0.0140633974224329,
    0.054583385586738586,
    0.07843325287103653,
    0.10282803326845169,
    0.019380681216716766,
    0.04038210213184357,
    0.014190270565450191,
    0.01988813653588295,
    0.023066077381372452,
    0.019387075677514076,
    0.030835069715976715,
    0.0524158738553524,
    0.09237643331289291,
    0.03930148482322693,
    0.05853625014424324,
    0.02726086415350437,
    0.06259722262620926,
    0.023769134655594826,
    0.04709111526608467,
    0.020027481019496918,
    0.10516264289617538,
    0.010068077594041824,
    0.04205470159649849,
    0.02430471032857895,
    0.06069424748420715,
    0.04412945732474327,
    0.02750055119395256,
    0.06261733919382095,
    0.02861999347805977,
    0.026904983446002007,
    0.02077655680477619,
    0.18994157016277313,
    0.04133319482207298,
    0.0445520244538784,
    0.039111245423555374,
    0.01064302772283554,
    0.03505291789770126,
    0.03519270196557045,
    0.06229129806160927,
    0.02109798975288868,
    0.07953094691038132,
    0.05195881798863411,
    0.19511738419532776,
    0.05469726771116257,
    0.09914301335811615,
    0.034125201404094696,
    0.0389319472014904
  ]
}