{
  "top_k": 30,
  "component_indices": [
    6,
    1,
    41,
    15,
    7,
    20,
    0,
    12,
    16,
    38,
    98,
    75,
    84,
    56,
    11,
    27,
    42,
    95,
    25,
    45,
    24,
    78,
    80,
    97,
    96,
    32,
    39,
    51,
    22,
    54
  ],
  "mean_abs_shap_values": [
    0.24576768279075623,
    0.6356939077377319,
    0.09791474044322968,
    0.06459753215312958,
    0.0952058658003807,
    0.045310091227293015,
    0.7264650464057922,
    0.27793049812316895,
    0.052611351013183594,
    0.06753670424222946,
    0.024074727669358253,
    0.1515846848487854,
    0.21099066734313965,
    0.05515414848923683,
    0.08191488683223724,
    0.2793288826942444,
    0.17785820364952087,
    0.08126136660575867,
    0.05727579817175865,
    0.06535162776708603,
    0.2485964298248291,
    0.053733084350824356,
    0.10112930089235306,
    0.03516051545739174,
    0.11489243805408478,
    0.12328847497701645,
    0.02759706787765026,
    0.14840060472488403,
    0.07567856460809708,
    0.03222385048866272,
    0.08942913264036179,
    0.08651380240917206,
    0.10497933626174927,
    0.02492719702422619,
    0.027069877833127975,
    0.08258425444364548,
    0.04783305898308754,
    0.09822022169828415,
    0.16289399564266205,
    0.10171147435903549,
    0.04707880690693855,
    0.30701616406440735,
    0.13037219643592834,
    0.053497813642024994,
    0.09442129731178284,
    0.1170777678489685,
    0.05812663212418556,
    0.045604679733514786,
    0.05000748857855797,
    0.06110727787017822,
    0.048785626888275146,
    0.10157497227191925,
    0.018412819132208824,
    0.039463162422180176,
    0.10048609972000122,
    0.05348962917923927,
    0.15222735702991486,
    0.019307417795062065,
    0.05466712266206741,
    0.05592835322022438,
    0.05362730100750923,
    0.03778943046927452,
    0.034318674355745316,
    0.07326889783143997,
    0.05258885398507118,
    0.02123084105551243,
    0.028712758794426918,
    0.06032037362456322,
    0.07641024887561798,
    0.09448672831058502,
    0.0442206896841526,
    0.09985451400279999,
    0.09190396219491959,
    0.08390182256698608,
    0.03312551602721214,
    0.15591152012348175,
    0.06654311716556549,
    0.0451454259455204,
    0.1133686751127243,
    0.0381556898355484,
    0.11072830110788345,
    0.03212233632802963,
    0.0754174143075943,
    0.039160583168268204,
    0.15399330854415894,
    0.03931569308042526,
    0.03451121225953102,
    0.04757038131356239,
    0.03874678164720535,
    0.05085895583033562,
    0.05941711366176605,
    0.046098388731479645,
    0.06946166604757309,
    0.0800919383764267,
    0.0753210112452507,
    0.12332376837730408,
    0.10578623414039612,
    0.10677671432495117,
    0.16188836097717285,
    0.04619259759783745
  ]
}