{
  "top_k": 50,
  "component_indices": [
    0,
    3,
    2,
    47,
    11,
    4,
    1,
    6,
    8,
    30,
    85,
    29,
    38,
    58,
    17,
    43,
    96,
    18,
    94,
    69,
    65,
    73,
    41,
    61,
    87,
    40,
    82,
    35,
    72,
    67,
    64,
    80,
    89,
    19,
    79,
    90,
    71,
    75,
    91,
    45,
    53,
    46,
    97,
    34,
    23,
    86,
    81,
    62,
    9,
    55
  ],
  "mean_abs_shap_values": [
    0.6207568049430847,
    0.15155887603759766,
    0.42483144998550415,
    0.4380512237548828,
    0.1761455237865448,
    0.03117678314447403,
    0.1485113799571991,
    0.04705027490854263,
    0.1421327441930771,
    0.05124228447675705,
    0.03509005531668663,
    0.18557991087436676,
    0.0294784065335989,
    0.04005001112818718,
    0.01936020702123642,
    0.027015982195734978,
    0.024733304977416992,
    0.12221984565258026,
    0.09986536204814911,
    0.06486152112483978,
    0.03707153722643852,
    0.029322145506739616,
    0.041043538600206375,
    0.05389411747455597,
    0.04105226695537567,
    0.04366690665483475,
    0.025131087750196457,
    0.03251836076378822,
    0.04275122657418251,
    0.1328793317079544,
    0.14161726832389832,
    0.03236071765422821,
    0.026375582441687584,
    0.0333574153482914,
    0.05419261008501053,
    0.07166887819766998,
    0.03299349173903465,
    0.03902694210410118,
    0.13238196074962616,
    0.029928991571068764,
    0.07394770532846451,
    0.07607384026050568,
    0.03851268067955971,
    0.11714038997888565,
    0.026838241145014763,
    0.05849491059780121,
    0.05666119232773781,
    0.22626638412475586,
    0.028140215203166008,
    0.04148499667644501,
    0.035666678100824356,
    0.03808457776904106,
    0.03303302824497223,
    0.05740123987197876,
    0.042179908603429794,
    0.05110849067568779,
    0.05088600516319275,
    0.03826203942298889,
    0.12225129455327988,
    0.0277082696557045,
    0.03382131829857826,
    0.07466805726289749,
    0.051249612122774124,
    0.04295264184474945,
    0.06728839129209518,
    0.09354113042354584,
    0.03746308386325836,
    0.06792154908180237,
    0.03532082587480545,
    0.09413862228393555,
    0.04669347032904625,
    0.061789367347955704,
    0.0691310316324234,
    0.08581945300102234,
    0.03533501923084259,
    0.059047430753707886,
    0.05062441527843475,
    0.03759412094950676,
    0.03422518074512482,
    0.06424941122531891,
    0.06654856353998184,
    0.05277532711625099,
    0.07361523061990738,
    0.03310689702630043,
    0.03738405182957649,
    0.1341639906167984,
    0.05285868048667908,
    0.07446340471506119,
    0.03904908895492554,
    0.0654631033539772,
    0.06392926722764969,
    0.05887461453676224,
    0.048473261296749115,
    0.0424845889210701,
    0.09564537554979324,
    0.05050903931260109,
    0.1003798395395279,
    0.05595453456044197,
    0.047380927950143814,
    0.028002960607409477
  ]
}